,Annualized Return,Annualized Volatility,Sharpe Ratio,Cumulative Return,Max Drawdown
Pairs Trading,0.007829960525732371,0.04433557125819705,0.17660673593519371,0.18033765003836355,-0.08757714572638531
Buy and Hold,0.05876500122608963,0.16698740891407834,0.3519127676046914,2.3810970508929183,-0.4224709222708398
DCA,0.02711285273450259,,,0.348499474524846,0.0
